"URL","Article Title","Primary Keyword","Primary Search Intent","Secondary Keywords","Topic Cluster","Funnel Stage","Target Persona","Closest Competing Marksyte URL","Cannibalization Risk","Cannibalization Note","Differentiation","Recommendation","Recommendation Reason"
"/blog/compare-retail-sales-across-countries/","Why retail sales data cannot be compared directly across countries","why retail sales data cannot be compared directly across countries","Problem diagnosis","cross-country sales comparability; currency and tax normalization; retail calendars; retailer coverage","Retail performance metrics and cross-market comparability","TOFU / MOFU","Commercial Excellence Manager","/blog/create-reliable-fmcg-sell-out-dataset/","Low","Both address trustworthy multi-market data, but this page diagnoses misleading country comparisons while the other defines the dataset operating model","Owns the question of whether country sales are comparable before ranking markets or attributing performance","KEEP + OPTIMIZE","strengthen the link to the dataset pillar and make the comparability limits explicit"
"/blog/consolidate-sell-out-data-multiple-distributors/","How to consolidate sell-out data from multiple distributors","how to consolidate sell-out data from multiple distributors","How-to","multi-distributor reporting; distributor data harmonization; canonical schema; market-level sell-out","Sell-out dataset and distributor consolidation","MOFU","Regional Sales Operations Manager","/blog/create-reliable-fmcg-sell-out-dataset/","Low","The dataset page is broader and governance-led; this page is the concrete multi-file consolidation workflow","Owns the build process for turning inconsistent distributor files into one controlled market view","KEEP + OPTIMIZE","retain as the distributor-consolidation sub-pillar and point clearly to mapping, standardization and managed operations"
"/blog/create-reliable-fmcg-sell-out-dataset/","How to create a reliable FMCG sell-out dataset","how to create a reliable FMCG sell-out dataset","Template/process","sell-out data model; traceable dataset; source lineage; corrected files; quality flags","Sell-out dataset and distributor consolidation","MOFU","Data Manager / Commercial Excellence Manager","/blog/consolidate-sell-out-data-multiple-distributors/","Low","Both use a controlled consolidated dataset, but this page owns the cross-source data contract, traceability and output layers rather than the file-by-file build sequence","Owns the broad data-foundation standard for a defensible FMCG sell-out dataset","KEEP + OPTIMIZE","make this the dataset pillar and link to distributor consolidation, mapping and exception pages"
"/blog/data-validation-retailer-distributor-files/","Data validation checks for retailer and distributor files","data validation checks for retailer and distributor files","Template/process","retailer file validation; distributor data quality; schema checks; duplicate checks; coverage checks","Data integration, file standardization and validation","MOFU","Data Operations Manager","/blog/retail-pos-sales-audit/","Low","This page gates partner files at intake; the sales-audit page validates POS transactions and control totals before downstream reporting","Owns the pre-reconciliation validation gate and the decision to accept, quarantine or version a file","KEEP + OPTIMIZE","add a direct data-standardization service link and a clearer handoff to reconciliation"
"/blog/design-reusable-data-reconciliation-rules/","How to design reusable data reconciliation rules","how to design reusable data reconciliation rules","Template/process","matching logic; tolerance rules; rule versioning; effective dates; exception rules","Reconciliation operating model, rules and automation","MOFU / BOFU","Data Manager / IT Integration Lead","/blog/fmcg-data-reconciliation-operating-model/","Low","The operating-model page defines roles and stages; this page owns the technical anatomy and lifecycle of the rule itself","Owns the reusable rule library that makes reconciliation testable, versioned and rerunnable","KEEP + OPTIMIZE","link more visibly to the operating-model pillar and automation decision page"
"/blog/distributor-inventory-sales-reconciliation/","Distributor inventory and sales reconciliation: what should balance?","how to reconcile distributor inventory and sales data","How-to","distributor stock bridge; opening and closing stock; receipts; returns; inventory movements","Sell-in, sell-out and inventory flow","MOFU","Supply Chain Manager / Finance Manager","/blog/reconcile-pos-shipments-inventory-data/","Medium","Both use a stock equation, but this page is distributor-led and asks what should balance in the channel; the competing page is a broader POS, shipments and inventory bridge","Owns the distributor stock equation and the interpretation of its residual","KEEP + OPTIMIZE","state the distributor scope in the introduction and link to the broader stock-bridge guide"
"/blog/distributor-sales-not-match-retailer-sell-out/","Why distributor sales do not match retailer sell-out","why distributor sales do not match retailer sell-out","Problem diagnosis","distributor sell-in; channel inventory; retailer sell-out gap; returns; coverage","Sell-in, sell-out and inventory flow","TOFU / MOFU","Commercial Operations Manager","/blog/sell-in-vs-sell-out-fmcg-reconciliation/","Medium","Both explain why upstream sales and consumer sell-out diverge; this page must remain the distributor-to-retailer diagnostic, while the broader page owns the general sell-in/sell-out reconciliation method","Owns the channel-specific diagnosis of a distributor-versus-retailer gap before anyone labels it an error","KEEP + OPTIMIZE","make the diagnostic scope explicit and send procedural queries to the sell-in/sell-out pillar"
"/blog/fmcg-data-reconciliation-operating-model/","FMCG data reconciliation: a practical operating model","FMCG data reconciliation operating model","Template/process","reconciliation process; roles and controls; exception lifecycle; monthly close; audit trail","Reconciliation operating model, rules and automation","MOFU / BOFU","FMCG Operations Director / Head of Data","/blog/design-reusable-data-reconciliation-rules/","Low","The rule-design page is a component of this operating model, not a replacement for it","Owns the end-to-end recurring operating model across intake, rules, controls, exceptions and sign-off","KEEP + OPTIMIZE","treat as a top-level pillar and give it the strongest internal-link authority"
"/blog/how-to-calculate-retail-market-share-sell-out/","How to calculate retail market share from sell-out data","how to calculate retail market share from sell-out data","How-to","unit share; value share; category denominator; retailer coverage; sell-out analytics","Retail performance metrics and cross-market comparability","TOFU / MOFU","Category Manager / Commercial Excellence Manager","/blog/compare-retail-sales-across-countries/","Low","The market-share page owns a calculation and denominator; the country-comparison page owns cross-market comparability and reporting definitions","Owns the practical market-share calculation and the controls needed before publishing a percentage","KEEP + OPTIMIZE","add a clearer route from comparable dataset design to market-share analysis"
"/blog/how-to-reconcile-retailer-sell-out-data-with-erp/","How to reconcile retailer sell-out data with ERP data","how to reconcile retailer sell-out data with ERP","How-to","retailer POS reconciliation; ERP reconciliation; product and location mapping; exception queue","Retailer-to-ERP reconciliation","MOFU / BOFU","Sales Operations Manager / Finance Manager / BI Lead","/blog/why-retailer-sales-data-does-not-match-erp/","Medium","Both can satisfy a retailer-versus-ERP mismatch search; this page must remain the primary step-by-step procedure, while the competing page owns cause diagnosis","Owns the full procedural guide for aligning sources, comparing them and managing the residual variance","KEEP + OPTIMIZE","make this the retailer-to-ERP procedural pillar and link every diagnostic article into it"
"/blog/inventory-data-not-match-physical-stock/","Why inventory data does not match physical stock","why inventory data does not match physical stock","Problem diagnosis","inventory record accuracy; stock discrepancy; physical count; shrinkage; stock adjustment","Sell-in, sell-out and inventory flow","TOFU / MOFU","Supply Chain Manager / Retail Operations Manager","/blog/reconcile-pos-shipments-inventory-data/","Low","This page starts from a physical-count discrepancy and controls the correction decision; the competing page explains a multi-source stock bridge","Owns the diagnosis and governance of physical-versus-system stock differences","KEEP + OPTIMIZE","add a direct link to the stock-bridge guide and define the retail count scope earlier"
"/blog/manage-monthly-reconciliation-exceptions/","How to manage reconciliation exceptions month after month","how to manage reconciliation exceptions month after month","Template/process","exception queue; root cause; ownership; aging; materiality; recurring variance","Reconciliation operating model, rules and automation","MOFU / BOFU","Data Operations Manager / Finance Manager","/blog/fmcg-data-reconciliation-operating-model/","Low","The operating-model page describes the full lifecycle; this page specializes in the exception record, ownership and recurrence loop","Owns the monthly exception queue and the process for preventing rediscovery","KEEP + OPTIMIZE","connect every reconciliation pillar to this page for exception handling"
"/blog/missing-skus-retailer-sell-out-files/","How to handle missing SKUs in retailer sell-out files","how to handle missing SKUs in retailer sell-out files","Problem diagnosis","unmapped SKU; missing product rows; retailer product code; mapping exception; join loss","Product identity and sell-out mapping","MOFU","Data Manager / BI Analyst","/blog/sku-ean-gtin-mapping-fmcg/","Medium","Both address failed product joins; this page owns the missing-versus-unmapped row problem and queue workflow, while the mapping page owns the identity model","Owns how to detect and resolve missing or unmapped sales rows without silently dropping valid data","KEEP + OPTIMIZE","keep it as the operational exception page and link to the mapping pillar rather than repeating its identifier definitions"
"/blog/reconcile-pos-shipments-inventory-data/","How to reconcile POS, shipments and inventory data","how to reconcile POS shipments and inventory data","How-to","stock equation; POS data; shipment data; inventory movements; timing differences","Sell-in, sell-out and inventory flow","MOFU","Supply Chain Manager / Commercial Operations Manager","/blog/sell-in-vs-sell-out-fmcg-reconciliation/","Medium","Both bridge different commercial events through stock; this page owns the three-source POS/shipments/inventory model, while the competing page explains sell-in versus sell-out at a broader level","Owns the multi-source stock bridge without forcing a one-to-one transaction match","KEEP + OPTIMIZE","make the three-source scope prominent and cross-link to distributor inventory and sell-in/sell-out pages"
"/blog/reconcile-promotional-deductions-trade-spend-fmcg/","How to reconcile promotional deductions and trade spend in FMCG","how to reconcile promotional deductions and trade spend in FMCG","How-to","retailer deductions; trade spend reconciliation; promotional claims; trade terms; deduction management","Trade spend and promotional deductions","BOFU","Commercial Finance Manager / Sales Operations Manager","/blog/design-reusable-data-reconciliation-rules/","Low","Both use rule-based reconciliation, but this page owns the money side of trade terms rather than volume, stock or system matching","Owns promotional claims and deductions as a distinct financial reconciliation problem","KEEP + OPTIMIZE","retain as the trade-spend pillar and add a stronger commercial-finance service path"
"/blog/reconcile-retailer-returns-with-erp/","How to reconcile retailer returns with ERP data","how to reconcile retailer returns with ERP data","How-to","consumer returns; stock returns; credit notes; restated files; negative quantities","Retailer-to-ERP reconciliation","MOFU","Finance Manager / Sales Operations Manager","/blog/how-to-reconcile-retailer-sell-out-data-with-erp/","Low","This page is a return-event specialization inside the broader retailer-to-ERP process, with different event and sign rules","Owns the treatment of return types, credits and restatements rather than generic mismatch diagnosis","KEEP + OPTIMIZE","link from the main retailer-to-ERP pillar and clarify the event taxonomy in the opening section"
"/blog/retail-calendar-vs-financial-calendar-reconciliation/","Retail calendar vs financial calendar: reconciling reporting periods","retail calendar vs financial calendar reconciliation","How-to","4-5-4 calendar; 53rd week; period mapping; date bridge; financial close","Calendars and reporting periods","MOFU","Finance / FP&A Manager / BI Lead","/blog/retailer-erp-reporting-cutoff-differences/","Medium","Both address period-end timing differences; this page owns the reusable date-to-period bridge, while the other should remain the symptom-led cutoff diagnosis","Owns calendar transformation rules that make retail and financial periods comparable","KEEP + OPTIMIZE","make this the calendar pillar and link the cutoff article as a diagnostic companion"
"/blog/retail-data-integration-pos-erp/","What is retail data integration? Connecting POS, ERP and inventory","what is retail data integration","Definition","POS-to-ERP integration; inventory integration; event definitions; product and store mapping","Data integration, file standardization and validation","TOFU / MOFU","IT / Data Integration Lead","/blog/sell-out-mapping-product-location-period/","Low","This page defines the system and event boundary; the mapping page is a practical pre-join guide, not a definition of integration","Owns the top-of-funnel definition of retail integration as shared identities, events and controls","KEEP + OPTIMIZE","use as the integration pillar and add links to mapping, validation and the integration service"
"/blog/retail-data-reconciliation-excel-workflow/","Retail data reconciliation in Excel: a practical workflow","retail data reconciliation in Excel","How-to","POS reconciliation spreadsheet; workbook structure; Power Query; exception log; versioning","Reconciliation operating model, rules and automation","MOFU","Data Analyst / Sales Operations Analyst","/blog/fmcg-data-reconciliation-operating-model/","Low","This page owns the hands-on Excel implementation; the operating-model page owns governance and recurring process design","Owns the controlled manual workflow for teams still running reconciliation in Excel","KEEP + OPTIMIZE","keep it as the manual-workflow entry point and link forward to automation readiness"
"/blog/retail-pos-sales-audit/","What is a retail sales audit? POS checks before ERP reporting","what is a retail sales audit","Definition","POS audit; transaction checks; store-day controls; returns and tenders; ERP reporting","Data integration, file standardization and validation","TOFU / MOFU","Retail Operations Manager / Data Quality Lead","/blog/data-validation-retailer-distributor-files/","Low","The sales-audit page starts with POS transaction and control-total assurance; the validation page starts with partner-file intake and schema/business gates","Owns POS assurance before data is allowed into ERP, inventory or reporting","KEEP + OPTIMIZE","add the missing service and related-article links, especially to validation and reconciliation"
"/blog/retailer-erp-reporting-cutoff-differences/","Reporting cutoffs in retailer and ERP reconciliation","why retailer and ERP sales land in different periods","Problem diagnosis","reporting cutoff; retail weeks; invoice dates; close calendar; timing variance","Calendars and reporting periods","TOFU / MOFU","Finance / FP&A Manager / BI Lead","/blog/retail-calendar-vs-financial-calendar-reconciliation/","Medium","The H1 and meta intent are symptom-led, but the page overlaps the calendar guide on period-boundary reconciliation; its job should be explicitly diagnostic","Owns the explanation of why two correct systems place the same event in different periods","REPOSITION","align the title/H1 around the diagnostic job and link the procedural calendar bridge as the next step"
"/blog/secondary-sales-data-fmcg/","What is secondary sales data in FMCG?","what is secondary sales data in FMCG","Definition","distributor sales; primary sales; sell-out; channel events; data model","Sell-in, sell-out and inventory flow","TOFU","Sales Operations Manager / Commercial Excellence Manager","/blog/distributor-sales-not-match-retailer-sell-out/","Low","This page defines the event and boundary; the distributor-gap page diagnoses a specific mismatch after the terms are understood","Owns the meaning and limits of secondary sales data before it is used in reporting","KEEP + OPTIMIZE","use it as the definition entry point and route readers to distributor consolidation and reconciliation"
"/blog/sell-in-vs-sell-out-fmcg-reconciliation/","Sell-in vs sell-out in FMCG: how to reconcile the numbers","how to reconcile sell-in and sell-out in FMCG","Comparison / How-to","sell-in versus sell-out; channel stock; inventory bridge; timing; returns","Sell-in, sell-out and inventory flow","MOFU","Sales Operations Manager / Finance Manager","/blog/distributor-sales-not-match-retailer-sell-out/","Medium","The broad pillar and the distributor-specific diagnostic share the same underlying divergence; this page must own the general method and the other page the narrower “why” case","Owns the general conceptual and procedural bridge between shipment-side and consumer-demand events","KEEP + OPTIMIZE","make this the sell-in/sell-out pillar and link the distributor, POS and returns specialists into it"
"/blog/sell-out-mapping-product-location-period/","Retailer sell-out data mapping: align SKU, store and period data","retailer sell-out data mapping","How-to","SKU mapping; store mapping; retailer codes; period mapping; grain; ERP reconciliation","Product identity and sell-out mapping","MOFU","Data Integration Lead / BI Analyst","/blog/sku-ean-gtin-mapping-fmcg/","Medium","Both cover mapping before reconciliation; this page should own the combined SKU-store-period pre-join workflow, while the SKU page owns product identity and code governance","Owns the minimum mapping layer needed before retailer sell-out can be compared across systems","REPOSITION","make the pre-join scope explicit, avoid repeating identifier definitions and link to the SKU pillar"
"/blog/sell-through-rate-retail-data/","What is sell-through rate in retail? Formula, data and limits","sell-through rate formula retail data","Definition","sell-through formula; inventory denominator; units sold; stock availability; retail KPI","Retail performance metrics and cross-market comparability","TOFU / MOFU","Category Manager / Supply Chain Manager","/blog/inventory-data-not-match-physical-stock/","Low","This page defines a performance KPI and its denominator; the inventory page diagnoses record accuracy, not sell-through interpretation","Owns the definition, denominator and data caveats for sell-through reporting","KEEP + OPTIMIZE","link to inventory and dataset controls without turning it into a reconciliation guide"
"/blog/sku-ean-gtin-mapping-fmcg/","SKU-to-EAN and GTIN mapping for FMCG teams","SKU to EAN and GTIN mapping","How-to","product master data; retailer codes; GTIN mapping; pack hierarchy; effective dating","Product identity and sell-out mapping","MOFU / BOFU","Master Data Manager / BI Lead","/blog/why-sku-mapping-fails-international/","Medium","Both address SKU mapping failure, but this page should own the canonical identifier model and governance while the competing page owns cross-border failure diagnosis","Owns the canonical product-identity mapping model across SKUs, retailer codes, EANs, GTINs, packs and markets","KEEP + OPTIMIZE","treat as the product-mapping pillar and link every SKU exception page into it"
"/blog/standardize-retailer-distributor-excel-files/","How to standardize retailer and distributor Excel files","how to standardize retailer and distributor Excel files","How-to","canonical schema; file standardization; source lineage; partner templates; data types and units","Data integration, file standardization and validation","MOFU","Data Operations Manager / BI Analyst","/blog/consolidate-sell-out-data-multiple-distributors/","Low","Standardization prepares each source; consolidation combines standardized sources, so the workflow stages are adjacent but not interchangeable","Owns the intake transformation from variable partner files to a canonical structure with lineage","KEEP + OPTIMIZE","make the stage boundary explicit and link to consolidation, validation and the standardization service"
"/blog/when-to-automate-retailer-data-reconciliation/","When to automate retailer data reconciliation","when to automate retailer data reconciliation","Commercial investigation","reconciliation automation; automation readiness; workflow automation; human review; pilot","Reconciliation operating model, rules and automation","BOFU","Operations Director / IT Integration Lead","/blog/retail-data-reconciliation-excel-workflow/","Low","The Excel page explains how to run a controlled manual process; this page decides whether and what to automate after process readiness is assessed","Owns the automation-readiness decision and the division between stable rules and human exceptions","KEEP + OPTIMIZE","make the BOFU path explicit from Excel and operating-model pages to managed data operations"
"/blog/why-retailer-sales-data-does-not-match-erp/","Why retailer sales data does not match your ERP","why retailer sales data does not match ERP","Problem diagnosis","retailer data discrepancy; POS mismatch; ERP variance; root cause; data-quality issue","Retailer-to-ERP reconciliation","TOFU / MOFU","Finance Manager / Commercial Operations Manager","/blog/how-to-reconcile-retailer-sell-out-data-with-erp/","Medium","Both target the same retailer-versus-ERP problem; this page must stop at cause isolation and escalation, while the how-to page owns the full procedure and worked reconciliation","Owns the cause tree for explaining a retailer-to-ERP variance before changing a number","KEEP + OPTIMIZE","preserve as the diagnostic entry point and make the handoff to the procedural pillar unmistakable"
"/blog/why-sku-mapping-fails-international/","Why SKU mapping fails across countries and systems","why SKU mapping fails across countries and systems","Problem diagnosis","cross-border SKU mapping; local product codes; pack conflicts; lifecycle drift; false matches","Product identity and sell-out mapping","TOFU / MOFU","Master Data Manager / Data Integration Lead","/blog/sku-ean-gtin-mapping-fmcg/","Medium","Both can rank for SKU mapping problems; this page owns international failure modes and when not to force a match, while the pillar owns the target mapping model","Owns diagnosis of cross-market mapping failure and the decision not to force ambiguous identities","KEEP + OPTIMIZE","retain as the diagnostic companion to the product-mapping pillar"
